user_id,timestamp,pred_label,pred_conf,topk,user_choice,user_choice_zh,was_correct,image_path,location
20250916_225635,2025/9/16 22:56,sport_shoe,0.285876,運動鞋:0.2859|涼鞋:0.2368|靴子:0.2155,sport_shoe,運動鞋,TRUE,../output/user_images\shoe_20250916_225635.jpg,
20250916_230248,2025/9/16 23:02,sandals,0.269348,涼鞋:0.2693|運動鞋:0.2686|高跟鞋:0.2471,sport_shoe,運動鞋,FALSE,../output/user_images\shoe_20250916_230248.jpg,
20250916_230624,2025/9/16 23:06,boots,0.407859,靴子:0.4079|運動鞋:0.2327|高跟鞋:0.1684,sport_shoe,運動鞋,FALSE,../output/user_images\shoe_20250916_230624.jpg,
20250916_230718,2025/9/16 23:07,boots,0.432028,靴子:0.4320|運動鞋:0.2641|涼鞋:0.1476,sport_shoe,運動鞋,FALSE,../output/user_images\shoe_20250916_230718.jpg,
20250916_230813,2025/9/16 23:08,boots,0.4395,靴子:0.4395|運動鞋:0.2392|涼鞋:0.1559,sport_shoe,運動鞋,FALSE,../output/user_images\shoe_20250916_230813.jpg,
20250916_230917,2025/9/16 23:09,boots,0.468274,靴子:0.4683|運動鞋:0.2472|涼鞋:0.1338,sport_shoe,運動鞋,FALSE,../output/user_images\shoe_20250916_230917.jpg,
20250916_231532,2025/9/16 23:15,boots,0.44614,靴子:0.4461|運動鞋:0.2342|涼鞋:0.1524,sport_shoe,運動鞋,FALSE,../output/user_images\shoe_20250916_231532.jpg,
20250916_231741,2025/9/16 23:17,boots,0.472265,靴子:0.4723|運動鞋:0.2404|涼鞋:0.1334,sport_shoe,運動鞋,FALSE,../output/user_images\shoe_20250916_231741.jpg,
20250917_204335,2025/9/17 20:43,boots,0.375407,靴子:0.3754|高跟鞋:0.2937|運動鞋:0.1317,slippers,拖鞋,FALSE,../output/user_images\shoe_20250917_204335.jpg,
20250917_204654,2025/9/17 20:46,sandals,0.400376,涼鞋:0.4004|運動鞋:0.3874|高跟鞋:0.1744,sandals,涼鞋,TRUE,../output/user_images\shoe_20250917_204654.jpg,
20250918_074012,2025/9/18 7:40,sport_shoe,0.347461,運動鞋:0.3475|涼鞋:0.2689|高跟鞋:0.2360,sport_shoe,運動鞋,TRUE,../output/user_images\shoe_20250918_074012.jpg,
20250918_075217,2025/9/18 7:52,sandals,0.369456,涼鞋:0.3695|高跟鞋:0.2082|運動鞋:0.1865,sport_shoe,運動鞋,FALSE,../output/user_images\shoe_20250918_075217.jpg,
20250918_092424,2025/9/18 9:24,sandals,0.52388,涼鞋:0.5239|高跟鞋:0.3311|運動鞋:0.1195,sport_shoe,運動鞋,FALSE,../output/user_images\shoe_20250918_092424.jpg,
20250920_192232,2025/9/20 19:22,high_heels,0.620432,高跟鞋:0.6204|涼鞋:0.2230|運動鞋:0.1355,sport_shoe,運動鞋,FALSE,../output/user_images\shoe_20250920_192232.jpg,
20250920_192546,2025/9/20 19:25,high_heels,0.590169,高跟鞋:0.5902|涼鞋:0.2389|運動鞋:0.1371,sport_shoe,運動鞋,FALSE,../output/user_images\shoe_20250920_192546.jpg,
20250920_200956,2025/9/20 20:09,high_heels,0.702341,高跟鞋:0.7023|涼鞋:0.2593|運動鞋:0.0341,sport_shoe,運動鞋,FALSE,../output/user_images\shoe_20250920_200956.jpg,
20250920_210407,2025/9/20 21:04,high_heels,0.711011,高跟鞋:0.7110|涼鞋:0.2511|運動鞋:0.0343,sport_shoe,運動鞋,FALSE,../output/user_images\shoe_20250920_210407.jpg,
20250920_210854,2025/9/20 21:08,high_heels,0.63698,高跟鞋:0.6370|涼鞋:0.2872|運動鞋:0.0699,high_heels,高跟鞋,TRUE,../output/user_images\shoe_20250920_210854.jpg,
20250920_220611,2025/9/20 22:06,high_heels,0.520351,高跟鞋:0.5204|涼鞋:0.2465|運動鞋:0.2086,sport_shoe,運動鞋,FALSE,../output/user_images\shoe_20250920_220611.jpg,
20250920_231337,2025/9/20 23:13,high_heels,0.583272,高跟鞋:0.5833|涼鞋:0.2559|運動鞋:0.1358,sport_shoe,運動鞋,FALSE,../output/user_images\shoe_20250920_231337.jpg,
20250920_231533,2025/9/20 23:15,high_heels,0.609556,高跟鞋:0.6096|涼鞋:0.2313|運動鞋:0.1401,sport_shoe,運動鞋,FALSE,../output/user_images\shoe_20250920_231533.jpg,
20250921_113525,2025/9/21 11:35,sport_shoe,0.384245,運動鞋:0.3842|高跟鞋:0.2882|涼鞋:0.2637,sport_shoe,運動鞋,TRUE,../output/user_images\shoe_20250921_113525.jpg,
20250921_113821,2025/9/21 11:37,sport_shoe,0.430841,運動鞋:0.4308|靴子:0.2018|高跟鞋:0.1450,sport_shoe,運動鞋,TRUE,../output/user_images\shoe_20250921_113702.jpg,C:\Users\User\OneDrive\桌面\my-shoes-dataset\images\sport_shoe\015.jpg
20250921_114049,2025/9/21 11:39,boots,0.428385,靴子:0.4284|拖鞋:0.2442|高跟鞋:0.1751,boots,靴子,TRUE,../output/user_images\shoe_20250921_113943.jpg,
20250921_114530,2025/9/21 11:45,sport_shoe,0.374649,運動鞋:0.3746|高跟鞋:0.2363|涼鞋:0.1944,sport_shoe,運動鞋,TRUE,../output/user_images\shoe_20250921_114505.jpg,
20250921_114722,2025/9/21 11:47,boots,0.446363,靴子:0.4464|運動鞋:0.2082|高跟鞋:0.1904,sport_shoe,運動鞋,FALSE,../output/user_images\shoe_20250921_114722.jpg,
20250921_115147,2025/9/21 11:51,high_heels,0.48023,高跟鞋:0.4802|涼鞋:0.2207|靴子:0.1223,sport_shoe,運動鞋,FALSE,../output/user_images\shoe_20250921_115122.jpg,
20250921_120010,2025/9/21 11:58,boots,0.415469,靴子:0.4155|拖鞋:0.2676|運動鞋:0.1451,sport_shoe,運動鞋,FALSE,../output/user_images\shoe_20250921_115849.jpg,
20250921_120158,2025/9/21 12:01,boots,0.476162,靴子:0.4762|拖鞋:0.2714|高跟鞋:0.0962,sport_shoe,運動鞋,FALSE,../output/user_images\shoe_20250921_120118.jpg,
20250921_120347,2025/9/21 12:03,boots,0.505194,靴子:0.5052|運動鞋:0.2207|高跟鞋:0.1248,slippers,拖鞋,FALSE,../output/user_images\shoe_20250921_120318.jpg,
20250921_120604,2025/9/21 12:05,boots,0.442752,靴子:0.4428|拖鞋:0.3208|運動鞋:0.1431,sport_shoe,運動鞋,FALSE,../output/user_images\shoe_20250921_120527.jpg,
20250921_120847,2025/9/21 12:08,slippers,0.489757,拖鞋:0.4898|靴子:0.4036|運動鞋:0.0514,sport_shoe,運動鞋,FALSE,../output/user_images\shoe_20250921_120818.jpg,
20250921_120931,2025/9/21 12:09,boots,0.4953,靴子:0.4953|拖鞋:0.3828|運動鞋:0.0558,sport_shoe,運動鞋,FALSE,../output/user_images\shoe_20250921_120910.jpg,
20250922_110415,2025/9/22 11:03,sport_shoe,0.488655,運動鞋:0.4887|靴子:0.2278|高跟鞋:0.1764,sport_shoe,運動鞋,TRUE,../output/user_images\shoe_20250922_110334.jpg,
20250922_110517,2025/9/22 11:04,high_heels,0.416182,高跟鞋:0.4162|涼鞋:0.2794|運動鞋:0.2747,slippers,拖鞋,FALSE,../output/user_images\shoe_20250922_110452.jpg,
20250922_110827,2025/9/22 11:07,sport_shoe,0.668902,運動鞋:0.6689|涼鞋:0.1526|高跟鞋:0.1164,sport_shoe,運動鞋,TRUE,../output/user_images\shoe_20250922_110756.jpg,
20250922_111032,2025/9/22 11:09,sport_shoe,0.447268,運動鞋:0.4473|高跟鞋:0.2461|靴子:0.1936,sport_shoe,運動鞋,TRUE,../output/user_images\shoe_20250922_110959.jpg,
20250922_111325,2025/9/22 11:12,sport_shoe,0.654102,運動鞋:0.6541|靴子:0.1714|高跟鞋:0.0857,sport_shoe,運動鞋,TRUE,../output/user_images\shoe_20250922_111249.jpg,
20250922_111425,2025/9/22 11:14,sport_shoe,0.425635,運動鞋:0.4256|高跟鞋:0.2762|靴子:0.1729,slippers,拖鞋,FALSE,../output/user_images\shoe_20250922_111404.jpg,
20250922_111538,2025/9/22 11:15,sport_shoe,0.570399,運動鞋:0.5704|靴子:0.1632|涼鞋:0.1304,slippers,拖鞋,FALSE,../output/user_images\shoe_20250922_111518.jpg,
20250922_111648,2025/9/22 11:16,boots,0.464232,靴子:0.4642|運動鞋:0.3380|高跟鞋:0.0939,slippers,拖鞋,FALSE,../output/user_images\shoe_20250922_111629.jpg,
20250922_111840,2025/9/22 11:18,sport_shoe,0.500268,運動鞋:0.5003|靴子:0.3396|涼鞋:0.0847,sport_shoe,運動鞋,TRUE,../output/user_images\shoe_20250922_111827.jpg,
20250925_161529,2025/9/25 16:13,boots,0.452169,靴子:0.4522|運動鞋:0.3199|高跟鞋:0.1491,sport_shoe,運動鞋,FALSE,../output/user_images\shoe_20250925_161356.jpg,
20250925_161704,2025/9/25 16:16,high_heels,0.327357,高跟鞋:0.3274|靴子:0.2946|運動鞋:0.2813,sport_shoe,運動鞋,FALSE,../output/user_images\shoe_20250925_161629.jpg,
20250927_134114,2025/9/27 13:39,boots,0.508131,靴子:0.5081|運動鞋:0.4142|涼鞋:0.0400,sport_shoe,運動鞋,FALSE,../output/user_images\shoe_20250927_133948.jpg,
20250927_134413,2025/9/27 13:43,sport_shoe,0.682678,運動鞋:0.6827|靴子:0.2747|涼鞋:0.0257,sport_shoe,運動鞋,TRUE,../output/user_images\shoe_20250927_134332.jpg,
20250927_134627,2025/9/27 13:45,boots,0.333448,靴子:0.3334|運動鞋:0.2219|高跟鞋:0.1841,sport_shoe,運動鞋,FALSE,../output/user_images\shoe_20250927_134553.jpg,
20250927_134902,2025/9/27 13:48,sport_shoe,0.627965,運動鞋:0.6280|靴子:0.1847|高跟鞋:0.0878,sport_shoe,運動鞋,TRUE,../output/user_images\shoe_20250927_134802.jpg,
20250927_135057,2025/9/27 13:50,sport_shoe,0.459447,運動鞋:0.4594|靴子:0.2326|高跟鞋:0.1669,sport_shoe,運動鞋,TRUE,../output/user_images\shoe_20250927_135024.jpg,
20250927_135229,2025/9/27 13:51,sport_shoe,0.376241,運動鞋:0.3762|高跟鞋:0.2740|靴子:0.2381,sandals,涼鞋,FALSE,../output/user_images\shoe_20250927_135155.jpg,
20250927_135736,2025/9/27 13:54,boots,0.471091,靴子:0.4711|運動鞋:0.4360|高跟鞋:0.0488,boots,靴子,TRUE,../output/user_images\shoe_20250927_135411.jpg,
20250927_135902,2025/9/27 13:58,sport_shoe,0.658277,運動鞋:0.6583|高跟鞋:0.1376|靴子:0.1120,sport_shoe,運動鞋,TRUE,../output/user_images\shoe_20250927_135840.jpg,
20250927_140014,2025/9/27 13:59,boots,0.539251,靴子:0.5393|運動鞋:0.2114|高跟鞋:0.1271,sport_shoe,運動鞋,FALSE,../output/user_images\shoe_20250927_135950.jpg,
20250927_140200,2025/9/27 14:01,sport_shoe,0.682813,運動鞋:0.6828|靴子:0.1470|高跟鞋:0.0828,sport_shoe,運動鞋,TRUE,../output/user_images\shoe_20250927_140135.jpg,
20250927_140339,2025/9/27 14:02,sport_shoe,0.810156,運動鞋:0.8102|靴子:0.1027|高跟鞋:0.0647,sport_shoe,運動鞋,TRUE,../output/user_images\shoe_20250927_140252.jpg,
20250927_140523,2025/9/27 14:05,sport_shoe,0.418827,運動鞋:0.4188|高跟鞋:0.3401|靴子:0.1502,sandals,涼鞋,FALSE,../output/user_images\shoe_20250927_140500.jpg,
20250927_145506,2025/9/27 14:55,boots,0.283886,靴子:0.2839|運動鞋:0.2578|涼鞋:0.2053,sport_shoe,運動鞋,FALSE,../output/user_images\shoe_20250927_145506.jpg,
20250927_145608,2025/9/27 14:55,high_heels,0.418131,高跟鞋:0.4181|靴子:0.2773|涼鞋:0.2216,sport_shoe,運動鞋,FALSE,../output/user_images\shoe_20250927_145549.jpg,
20250927_150851,2025/9/27 15:07,high_heels,0.458269,高跟鞋:0.4583|運動鞋:0.2500|涼鞋:0.1510,sport_shoe,運動鞋,FALSE,../output/user_images\shoe_20250927_150755.jpg,
20250927_151114,2025/9/27 15:09,high_heels,0.279388,高跟鞋:0.2794|運動鞋:0.2600|涼鞋:0.2531,sport_shoe,運動鞋,FALSE,../output/user_images\shoe_20250927_150947.jpg,
20251002_125432,2025/10/2 12:54,sport_shoe,0.657502,運動鞋:0.6575|靴子:0.1686|涼鞋:0.1031,sport_shoe,運動鞋,TRUE,../output/user_images\shoe_20251002_125406.jpg,
20251002_130225,2025/10/2 13:02,sport_shoe,0.663801,運動鞋:0.6638|高跟鞋:0.1691|涼鞋:0.1111,boots,靴子,FALSE,../output/user_images\shoe_20251002_130202.jpg,
20251008_091742,2025/10/8 9:17,sport_shoe,0.382893,運動鞋:0.3829|涼鞋:0.3064|高跟鞋:0.1625,sport_shoe,運動鞋,TRUE,../output/user_images\shoe_20251008_091725.jpg,
20251008_100021,2025/10/8 9:59,high_heels,0.557803,高跟鞋:0.5578|運動鞋:0.1815|涼鞋:0.1671,sport_shoe,運動鞋,FALSE,../output/user_images\shoe_20251008_095938.jpg,
20251008_103941,2025/10/8 10:38,sport_shoe,0.476118,運動鞋:0.4761|靴子:0.2332|高跟鞋:0.1269,sport_shoe,運動鞋,TRUE,../output/user_images\shoe_20251008_103850.jpg,
20251008_172507,2025/10/8 17:24,boots,0.32558,靴子:0.3256|運動鞋:0.2908|涼鞋:0.2555,sport_shoe,運動鞋,FALSE,../output/user_images\shoe_20251008_172421.jpg,
20251013_093306,2025/10/13 9:32,sport_shoe,0.622805,運動鞋:0.6228|靴子:0.1897|高跟鞋:0.1658,sport_shoe,運動鞋,TRUE,../output/user_images\shoe_20251013_093248.jpg,
20251013_093429,2025/10/13 9:34,boots,0.480554,靴子:0.4806|運動鞋:0.4146|高跟鞋:0.0841,sport_shoe,運動鞋,FALSE,../output/user_images\shoe_20251013_093415.jpg,
20251013_093519,2025/10/13 9:35,sport_shoe,0.790872,運動鞋:0.7909|靴子:0.1492|高跟鞋:0.0371,sport_shoe,運動鞋,TRUE,../output/user_images\shoe_20251013_093504.jpg,
20251013_095021,2025/10/13 9:50,high_heels,0.466915,高跟鞋:0.4669|運動鞋:0.4139|涼鞋:0.1119,sport_shoe,運動鞋,FALSE,../output/user_images\shoe_20251013_095004.jpg,
20251013_095349,2025/10/13 9:53,boots,0.418032,靴子:0.4180|運動鞋:0.3940|高跟鞋:0.1264,sport_shoe,運動鞋,FALSE,../output/user_images\shoe_20251013_095349.jpg,
20251013_095455,2025/10/13 9:54,sport_shoe,0.495828,運動鞋:0.4958|高跟鞋:0.1925|涼鞋:0.1755,sport_shoe,運動鞋,TRUE,../output/user_images\shoe_20251013_095425.jpg,
20251013_100304,2025/10/13 10:03,sport_shoe,0.840418,運動鞋:0.8404|高跟鞋:0.0829|靴子:0.0525,boots,靴子,FALSE,../output/user_images\shoe_20251013_100304.jpg,
20251013_102225,2025/10/13 10:21,sandals,0.323833,涼鞋:0.3238|高跟鞋:0.3120|運動鞋:0.2738,sport_shoe,運動鞋,FALSE,../output/user_images\shoe_20251013_102133.jpg,
20251013_103346,2025/10/13 10:33,boots,0.317988,靴子:0.3180|運動鞋:0.2795|高跟鞋:0.1960,sport_shoe,運動鞋,FALSE,../output/user_images\shoe_20251013_103332.jpg,
20251013_124439,2025/10/13 12:43,high_heels,0.506526,高跟鞋:0.5065|涼鞋:0.4066|運動鞋:0.0818,sandals,涼鞋,FALSE,../output/user_images\shoe_20251013_124353.jpg,
20251017_141846,2025/10/17 14:18,high_heels,0.456662,高跟鞋:0.4567|涼鞋:0.3352|運動鞋:0.1108,sport_shoe,運動鞋,FALSE,../output/user_images\shoe_20251017_141810.jpg,
20251017_160206,2025/10/17 16:01,sport_shoe,0.548529,運動鞋:0.5485|靴子:0.2268|高跟鞋:0.1291,sport_shoe,運動鞋,TRUE,../output/user_images\shoe_20251017_160100.jpg,
20251018_100045,2025/10/18 10:00,sport_shoe,0.387409,運動鞋:0.3874|靴子:0.3312|拖鞋:0.1745,slippers,拖鞋,FALSE,../output/user_images\shoe_20251018_100003.jpg,
20251018_100309,2025/10/18 10:03,sport_shoe,0.628995,運動鞋:0.6290|高跟鞋:0.1682|涼鞋:0.1424,sport_shoe,運動鞋,TRUE,../output/user_images\shoe_20251018_100309.jpg,
20251018_101338,2025/10/18 10:13,boots,0.36645,靴子:0.3664|運動鞋:0.3566|高跟鞋:0.1386,sport_shoe,運動鞋,FALSE,../output/user_images\shoe_20251018_101338.jpg,
20251018_103429,2025/10/18 10:34,sport_shoe,0.663153,運動鞋:0.6632|高跟鞋:0.1493|涼鞋:0.1211,sport_shoe,運動鞋,TRUE,../output/user_images\shoe_20251018_103429.jpg,
20251018_110014,2025/10/18 11:00,sport_shoe,0.686938,運動鞋:0.6869|涼鞋:0.1297|高跟鞋:0.1046,sport_shoe,運動鞋,TRUE,../output/user_images\shoe_20251018_110014.jpg,
20251018_110218,2025/10/18 11:02,sport_shoe,0.549289,運動鞋:0.5493|涼鞋:0.2072|高跟鞋:0.1656,sport_shoe,運動鞋,TRUE,../output/user_images\shoe_20251018_110218.jpg,
20251018_110440,2025/10/18 11:04,sport_shoe,0.680627,運動鞋:0.6806|靴子:0.1538|涼鞋:0.0856,sport_shoe,運動鞋,TRUE,../output/user_images\shoe_20251018_110440.jpg,
20251018_110633,2025/10/18 11:06,sport_shoe,0.611343,運動鞋:0.6113|高跟鞋:0.1499|涼鞋:0.1230,sport_shoe,運動鞋,TRUE,../output/user_images\shoe_20251018_110633.jpg,
20251018_110859,2025/10/18 11:08,sport_shoe,0.647948,運動鞋:0.6479|靴子:0.1135|涼鞋:0.1125,sport_shoe,運動鞋,TRUE,../output/user_images\shoe_20251018_110859.jpg,
20251018_111226,2025/10/18 11:11,sport_shoe,0.607319,運動鞋:0.6073|靴子:0.2355|高跟鞋:0.0908,sport_shoe,運動鞋,TRUE,../output/user_images\shoe_20251018_111134.jpg,
20251018_111344,2025/10/18 11:13,sport_shoe,0.522927,運動鞋:0.5229|靴子:0.3937|高跟鞋:0.0603,sport_shoe,運動鞋,TRUE,../output/user_images\shoe_20251018_111313.jpg,
20251018_111610,2025/10/18 11:14,sport_shoe,0.583463,運動鞋:0.5835|高跟鞋:0.2067|涼鞋:0.1573,sport_shoe,運動鞋,TRUE,../output/user_images\shoe_20251018_111447.jpg,
20251018_111848,2025/10/18 11:17,sport_shoe,0.746073,運動鞋:0.7461|靴子:0.0897|高跟鞋:0.0782,sport_shoe,運動鞋,TRUE,../output/user_images\shoe_20251018_111731.jpg,
20251018_112443,2025/10/18 11:23,sport_shoe,0.722454,運動鞋:0.7225|靴子:0.1333|高跟鞋:0.0961,sport_shoe,運動鞋,TRUE,../output/user_images\shoe_20251018_112354.jpg,
20251018_112913,2025/10/18 11:28,sport_shoe,0.564981,運動鞋:0.5650|靴子:0.2938|涼鞋:0.0689,sport_shoe,運動鞋,TRUE,../output/user_images\shoe_20251018_112821.jpg,
20251018_113101,2025/10/18 11:30,sport_shoe,0.677372,運動鞋:0.6774|高跟鞋:0.1948|靴子:0.0771,sandals,涼鞋,FALSE,../output/user_images\shoe_20251018_113029.jpg,
20251018_113736,2025/10/18 11:36,sport_shoe,0.681674,運動鞋:0.6817|靴子:0.1950|高跟鞋:0.0831,sport_shoe,運動鞋,TRUE,../output/user_images\shoe_20251018_113624.jpg,
20251018_114828,2025/10/18 11:47,sport_shoe,0.554322,運動鞋:0.5543|靴子:0.1896|高跟鞋:0.1650,sport_shoe,運動鞋,TRUE,../output/user_images\shoe_20251018_114749.jpg,
20251018_115033,2025/10/18 11:49,sport_shoe,0.600584,運動鞋:0.6006|靴子:0.2073|高跟鞋:0.1162,sport_shoe,運動鞋,TRUE,../output/user_images\shoe_20251018_114953.jpg,
20251018_115545,2025/10/18 11:54,high_heels,0.423064,高跟鞋:0.4231|運動鞋:0.3570|涼鞋:0.1767,sport_shoe,運動鞋,FALSE,../output/user_images\shoe_20251018_115455.jpg,
20251018_120611,2025/10/18 12:05,sport_shoe,0.470843,運動鞋:0.4708|高跟鞋:0.3329|涼鞋:0.1066,sport_shoe,運動鞋,TRUE,../output/user_images\shoe_20251018_120503.jpg,
20251018_121539,2025/10/18 12:14,high_heels,0.522132,高跟鞋:0.5221|運動鞋:0.3554|靴子:0.0705,boots,靴子,FALSE,../output/user_images\shoe_20251018_121409.jpg,
20251018_122012,2025/10/18 12:19,high_heels,0.427267,高跟鞋:0.4273|運動鞋:0.4078|涼鞋:0.1198,slippers,拖鞋,FALSE,../output/user_images\shoe_20251018_121910.jpg,
20251018_122241,2025/10/18 12:21,high_heels,0.501369,高跟鞋:0.5014|運動鞋:0.3588|涼鞋:0.1254,sandals,涼鞋,FALSE,../output/user_images\shoe_20251018_122144.jpg,
20251018_122756,2025/10/18 12:26,sport_shoe,0.726833,運動鞋:0.7268|高跟鞋:0.1370|靴子:0.0761,sport_shoe,運動鞋,TRUE,../output/user_images\shoe_20251018_122636.jpg,
20251018_124600,2025/10/18 12:45,high_heels,0.4491,高跟鞋:0.4491|運動鞋:0.3109|涼鞋:0.1560,sport_shoe,運動鞋,FALSE,../output/user_images\shoe_20251018_124515.jpg,
20251018_125722,2025/10/18 12:56,sport_shoe,0.516247,運動鞋:0.5162|高跟鞋:0.3164|涼鞋:0.0820,sport_shoe,運動鞋,TRUE,../output/user_images\shoe_20251018_125640.jpg,
20251018_125945,2025/10/18 12:59,sport_shoe,0.626934,運動鞋:0.6269|靴子:0.2348|高跟鞋:0.0724,sport_shoe,運動鞋,TRUE,../output/user_images\shoe_20251018_125901.jpg,
20251018_130435,2025/10/18 13:03,sport_shoe,0.602067,運動鞋:0.6021|高跟鞋:0.1804|涼鞋:0.1076,boots,靴子,FALSE,../output/user_images\shoe_20251018_130348.jpg,
20251018_130605,2025/10/18 13:05,high_heels,0.380495,高跟鞋:0.3805|運動鞋:0.2735|靴子:0.2024,sport_shoe,運動鞋,FALSE,../output/user_images\shoe_20251018_130533.jpg,
20251018_131223,2025/10/18 13:11,sport_shoe,0.728388,運動鞋:0.7284|高跟鞋:0.1075|靴子:0.0779,sport_shoe,運動鞋,TRUE,../output/user_images\shoe_20251018_131115.jpg,
20251018_131428,2025/10/18 13:13,sport_shoe,0.69348,運動鞋:0.6935|靴子:0.1938|涼鞋:0.0499,sport_shoe,運動鞋,TRUE,../output/user_images\shoe_20251018_131340.jpg,
20251018_131641,2025/10/18 13:16,high_heels,0.548633,高跟鞋:0.5486|運動鞋:0.2891|涼鞋:0.1172,sport_shoe,運動鞋,FALSE,../output/user_images\shoe_20251018_131641.jpg,
20251018_131816,2025/10/18 13:17,sport_shoe,0.550502,運動鞋:0.5505|高跟鞋:0.2803|靴子:0.0837,sport_shoe,運動鞋,TRUE,../output/user_images\shoe_20251018_131735.jpg,
20251018_133240,2025/10/18 13:31,sport_shoe,0.631237,運動鞋:0.6312|高跟鞋:0.2755|涼鞋:0.0588,sport_shoe,運動鞋,TRUE,../output/user_images\shoe_20251018_133102.jpg,
20251018_133729,2025/10/18 13:36,high_heels,0.598539,高跟鞋:0.5985|運動鞋:0.1867|涼鞋:0.1833,sport_shoe,運動鞋,FALSE,../output/user_images\shoe_20251018_133644.jpg,
20251018_135053,2025/10/18 13:49,high_heels,0.552555,高跟鞋:0.5526|運動鞋:0.2599|涼鞋:0.1800,sport_shoe,運動鞋,FALSE,../output/user_images\shoe_20251018_134955.jpg,
20251018_140301,2025/10/18 14:02,sport_shoe,0.445652,運動鞋:0.4457|高跟鞋:0.3237|涼鞋:0.1930,sport_shoe,運動鞋,TRUE,../output/user_images\shoe_20251018_140207.jpg,
20251018_140641,2025/10/18 14:05,sport_shoe,0.419988,運動鞋:0.4200|靴子:0.3450|高跟鞋:0.1347,sport_shoe,運動鞋,TRUE,../output/user_images\shoe_20251018_140526.jpg,
20251018_140919,2025/10/18 14:08,high_heels,0.434565,高跟鞋:0.4346|運動鞋:0.2828|涼鞋:0.2612,sport_shoe,運動鞋,FALSE,../output/user_images\shoe_20251018_140837.jpg,
20251018_141208,2025/10/18 14:11,sport_shoe,0.417292,運動鞋:0.4173|高跟鞋:0.3431|涼鞋:0.2307,sport_shoe,運動鞋,TRUE,../output/user_images\shoe_20251018_141117.jpg,
20251018_141726,2025/10/18 14:16,sport_shoe,0.593642,運動鞋:0.5936|高跟鞋:0.2799|涼鞋:0.0769,boots,靴子,FALSE,../output/user_images\shoe_20251018_141621.jpg,
20251018_141919,2025/10/18 14:18,sport_shoe,0.497142,運動鞋:0.4971|高跟鞋:0.2383|涼鞋:0.2372,sport_shoe,運動鞋,TRUE,../output/user_images\shoe_20251018_141849.jpg,
20251018_142104,2025/10/18 14:20,high_heels,0.504455,高跟鞋:0.5045|運動鞋:0.3461|涼鞋:0.1182,sport_shoe,運動鞋,FALSE,../output/user_images\shoe_20251018_142026.jpg,
20251018_143338,2025/10/18 14:33,sport_shoe,0.500418,運動鞋:0.5004|高跟鞋:0.3882|涼鞋:0.0709,sport_shoe,運動鞋,TRUE,../output/user_images\shoe_20251018_143338.jpg,
20251018_143717,2025/10/18 14:37,sport_shoe,0.506929,運動鞋:0.5069|高跟鞋:0.3233|靴子:0.1101,slippers,拖鞋,FALSE,../output/user_images\shoe_20251018_143717.jpg,
20251018_144052,2025/10/18 14:40,sport_shoe,0.556538,運動鞋:0.5565|高跟鞋:0.2380|涼鞋:0.0994,sport_shoe,運動鞋,TRUE,../output/user_images\shoe_20251018_144052.jpg,
20251018_144513,2025/10/18 14:45,sport_shoe,0.45896,運動鞋:0.4590|高跟鞋:0.2361|靴子:0.1809,sport_shoe,運動鞋,TRUE,../output/user_images\shoe_20251018_144513.jpg,
20251018_144756,2025/10/18 14:47,sport_shoe,0.61438,運動鞋:0.6144|高跟鞋:0.2847|涼鞋:0.0786,slippers,拖鞋,FALSE,../output/user_images\shoe_20251018_144756.jpg,
20251018_145001,2025/10/18 14:50,sport_shoe,0.512252,運動鞋:0.5123|高跟鞋:0.3066|涼鞋:0.1298,slippers,拖鞋,FALSE,../output/user_images\shoe_20251018_145001.jpg,
20251018_150253,2025/10/18 15:02,sport_shoe,0.64015,運動鞋:0.6402|靴子:0.1637|高跟鞋:0.1183,sport_shoe,運動鞋,TRUE,../output/user_images\shoe_20251018_150202.jpg,
20251018_150545,2025/10/18 15:05,sport_shoe,0.586115,運動鞋:0.5861|高跟鞋:0.2997|涼鞋:0.0754,sandals,涼鞋,FALSE,../output/user_images\shoe_20251018_150504.jpg,
20251018_150849,2025/10/18 15:07,sport_shoe,0.621247,運動鞋:0.6212|高跟鞋:0.2842|涼鞋:0.0678,slippers,拖鞋,FALSE,../output/user_images\shoe_20251018_150751.jpg,
20251018_151449,2025/10/18 15:13,high_heels,0.420007,高跟鞋:0.4200|運動鞋:0.2944|涼鞋:0.1993,sport_shoe,運動鞋,FALSE,../output/user_images\shoe_20251018_151353.jpg,
20251018_151640,2025/10/18 15:15,high_heels,0.420032,高跟鞋:0.4200|運動鞋:0.2514|涼鞋:0.2206,sport_shoe,運動鞋,FALSE,../output/user_images\shoe_20251018_151551.jpg,
20251018_152848,2025/10/18 15:28,high_heels,0.393933,高跟鞋:0.3939|運動鞋:0.3658|涼鞋:0.1306,slippers,拖鞋,FALSE,../output/user_images\shoe_20251018_152810.jpg,
20251018_153214,2025/10/18 15:30,high_heels,0.683639,高跟鞋:0.6836|涼鞋:0.1621|運動鞋:0.1473,sandals,涼鞋,FALSE,../output/user_images\shoe_20251018_153058.jpg,
20251018_153651,2025/10/18 15:35,high_heels,0.409566,高跟鞋:0.4096|運動鞋:0.3503|涼鞋:0.1453,sandals,涼鞋,FALSE,../output/user_images\shoe_20251018_153547.jpg,
20251018_153947,2025/10/18 15:39,sport_shoe,0.529509,運動鞋:0.5295|涼鞋:0.2156|高跟鞋:0.1910,sandals,涼鞋,FALSE,../output/user_images\shoe_20251018_153904.jpg,
20251018_154340,2025/10/18 15:42,high_heels,0.386465,高跟鞋:0.3865|運動鞋:0.3476|涼鞋:0.1551,sandals,涼鞋,FALSE,../output/user_images\shoe_20251018_154227.jpg,
20251018_154705,2025/10/18 15:46,sport_shoe,0.633359,運動鞋:0.6334|高跟鞋:0.2153|涼鞋:0.0789,slippers,拖鞋,FALSE,../output/user_images\shoe_20251018_154623.jpg,
20251018_154815,2025/10/18 15:48,sport_shoe,0.599201,運動鞋:0.5992|靴子:0.2517|高跟鞋:0.0677,sport_shoe,運動鞋,TRUE,../output/user_images\shoe_20251018_154815.jpg,
20251018_155310,2025/10/18 15:52,high_heels,0.362211,高跟鞋:0.3622|運動鞋:0.3595|涼鞋:0.1970,boots,靴子,FALSE,../output/user_images\shoe_20251018_155216.jpg,
20251018_155845,2025/10/18 15:58,high_heels,0.428917,高跟鞋:0.4289|運動鞋:0.3408|涼鞋:0.1888,sport_shoe,運動鞋,FALSE,../output/user_images\shoe_20251018_155802.jpg,
20251018_160116,2025/10/18 16:00,sport_shoe,0.802478,運動鞋:0.8025|高跟鞋:0.1162|靴子:0.0386,sport_shoe,運動鞋,TRUE,../output/user_images\shoe_20251018_160032.jpg,
20251018_161056,2025/10/18 16:10,sport_shoe,0.406824,運動鞋:0.4068|高跟鞋:0.2991|靴子:0.2000,sport_shoe,運動鞋,TRUE,../output/user_images\shoe_20251018_161018.jpg,
20251018_161314,2025/10/18 16:12,sport_shoe,0.638115,運動鞋:0.6381|靴子:0.1789|高跟鞋:0.0952,slippers,拖鞋,FALSE,../output/user_images\shoe_20251018_161220.jpg,
20251018_161550,2025/10/18 16:14,high_heels,0.509122,高跟鞋:0.5091|涼鞋:0.2635|運動鞋:0.1379,sport_shoe,運動鞋,FALSE,../output/user_images\shoe_20251018_161449.jpg,
20251018_162057,2025/10/18 16:19,high_heels,0.423354,高跟鞋:0.4234|運動鞋:0.4046|涼鞋:0.1063,sport_shoe,運動鞋,FALSE,../output/user_images\shoe_20251018_161955.jpg,
20251018_162318,2025/10/18 16:22,sport_shoe,0.404589,運動鞋:0.4046|靴子:0.2995|高跟鞋:0.1528,sport_shoe,運動鞋,TRUE,../output/user_images\shoe_20251018_162221.jpg,
20251018_162636,2025/10/18 16:25,sport_shoe,0.665275,運動鞋:0.6653|高跟鞋:0.1381|涼鞋:0.1100,sport_shoe,運動鞋,TRUE,../output/user_images\shoe_20251018_162535.jpg,
20251018_163106,2025/10/18 16:30,sport_shoe,0.571209,運動鞋:0.5712|涼鞋:0.2132|高跟鞋:0.1648,sport_shoe,運動鞋,TRUE,../output/user_images\shoe_20251018_163009.jpg,
20251018_163827,2025/10/18 16:37,high_heels,0.446135,高跟鞋:0.4461|運動鞋:0.3154|靴子:0.1636,sport_shoe,運動鞋,FALSE,../output/user_images\shoe_20251018_163735.jpg,
20251018_164041,2025/10/18 16:40,sport_shoe,0.505462,運動鞋:0.5055|靴子:0.2220|高跟鞋:0.1777,sport_shoe,運動鞋,TRUE,../output/user_images\shoe_20251018_164003.jpg,
20251018_164434,2025/10/18 16:43,sport_shoe,0.478135,運動鞋:0.4781|高跟鞋:0.3556|涼鞋:0.1151,sport_shoe,運動鞋,TRUE,../output/user_images\shoe_20251018_164322.jpg,
20251018_164728,2025/10/18 16:46,sport_shoe,0.53876,運動鞋:0.5388|靴子:0.2423|高跟鞋:0.1716,slippers,拖鞋,FALSE,../output/user_images\shoe_20251018_164623.jpg,
20251018_164918,2025/10/18 16:48,high_heels,0.530789,高跟鞋:0.5308|運動鞋:0.3685|涼鞋:0.0814,slippers,拖鞋,FALSE,../output/user_images\shoe_20251018_164845.jpg,
20251018_165433,2025/10/18 16:53,sport_shoe,0.512164,運動鞋:0.5122|靴子:0.3059|高跟鞋:0.1241,boots,靴子,FALSE,../output/user_images\shoe_20251018_165319.jpg,
20251018_170555,2025/10/18 17:05,sport_shoe,0.409142,運動鞋:0.4091|高跟鞋:0.2755|靴子:0.2114,sandals,涼鞋,FALSE,../output/user_images\shoe_20251018_170519.jpg,
20251018_170856,2025/10/18 17:08,sport_shoe,0.590443,運動鞋:0.5904|高跟鞋:0.2806|涼鞋:0.0682,sport_shoe,運動鞋,TRUE,../output/user_images\shoe_20251018_170805.jpg,
20251018_171450,2025/10/18 17:13,high_heels,0.390493,高跟鞋:0.3905|運動鞋:0.3023|靴子:0.1487,sandals,涼鞋,FALSE,../output/user_images\shoe_20251018_171355.jpg,
20251018_171649,2025/10/18 17:16,sport_shoe,0.648592,運動鞋:0.6486|高跟鞋:0.2198|涼鞋:0.0632,slippers,拖鞋,FALSE,../output/user_images\shoe_20251018_171605.jpg,
20251018_171811,2025/10/18 17:17,sport_shoe,0.403476,運動鞋:0.4035|高跟鞋:0.3119|涼鞋:0.1898,sport_shoe,運動鞋,TRUE,../output/user_images\shoe_20251018_171736.jpg,
20251018_172100,2025/10/18 17:19,sport_shoe,0.749974,運動鞋:0.7500|高跟鞋:0.1451|涼鞋:0.0523,slippers,拖鞋,FALSE,../output/user_images\shoe_20251018_171953.jpg,
20251018_172457,2025/10/18 17:24,sport_shoe,0.49674,運動鞋:0.4967|高跟鞋:0.2012|涼鞋:0.1614,sport_shoe,運動鞋,TRUE,../output/user_images\shoe_20251018_172400.jpg,
20251018_175606,2025/10/18 17:55,sport_shoe,0.515225,運動鞋:0.5152|高跟鞋:0.1801|靴子:0.1566,sport_shoe,運動鞋,TRUE,../output/user_images\shoe_20251018_175516.jpg,
20251019_093629,2025/10/19 9:36,sport_shoe,0.451647,運動鞋:0.4516|高跟鞋:0.2919|靴子:0.1604,sport_shoe,運動鞋,TRUE,../output/user_images\shoe_20251019_093605.jpg,
20251019_100031,2025/10/19 10:00,sport_shoe,0.516381,運動鞋:0.5164|靴子/皮鞋:0.2245|高跟鞋:0.1977,sport_shoe,運動鞋,TRUE,../output/user_images\shoe_20251019_100009.jpg,
20251019_104057,2025/10/19 10:40,sport_shoe,0.41325,運動鞋:0.4133|靴子/皮鞋:0.3410|拖鞋:0.1432,sport_shoe,運動鞋,TRUE,../output/user_images\shoe_20251019_104001.jpg,
20251019_104706,2025/10/19 10:45,sport_shoe,0.565573,運動鞋:0.5656|靴子/皮鞋:0.2277|高跟鞋:0.0826,sandals,涼鞋,FALSE,../output/user_images\shoe_20251019_104538.jpg,
20251019_105114,2025/10/19 10:50,sport_shoe,0.609299,運動鞋:0.6093|高跟鞋:0.1420|涼鞋:0.1224,slippers,拖鞋,FALSE,../output/user_images\shoe_20251019_105023.jpg,
20251019_105359,2025/10/19 10:52,sport_shoe,0.52885,運動鞋:0.5288|靴子/皮鞋:0.2647|高跟鞋:0.1373,boots,靴子/皮鞋,FALSE,../output/user_images\shoe_20251019_105258.jpg,
20251019_111937,2025/10/19 11:18,sport_shoe,0.55554,運動鞋:0.5555|靴子/皮鞋:0.3658|涼鞋:0.0284,sandals,涼鞋,FALSE,../output/user_images\shoe_20251019_111830.jpg,
20251019_115154,2025/10/19 11:51,sport_shoe,0.440723,運動鞋:0.4407|高跟鞋:0.2764|靴子/皮鞋:0.1973,sport_shoe,運動鞋,TRUE,../output/user_images\shoe_20251019_115101.jpg,
20251019_115958,2025/10/19 11:59,boots,0.520057,靴子/皮鞋:0.5201|運動鞋:0.3713|高跟鞋:0.0559,sport_shoe,運動鞋,FALSE,../output/user_images\shoe_20251019_115912.jpg,
20251019_120120,2025/10/19 12:00,high_heels,0.425501,高跟鞋:0.4255|運動鞋:0.2216|靴子/皮鞋:0.1799,boots,靴子/皮鞋,FALSE,../output/user_images\shoe_20251019_120027.jpg,
20251019_120429,2025/10/19 12:03,high_heels,0.466588,高跟鞋:0.4666|涼鞋:0.2265|運動鞋:0.1772,boots,靴子/皮鞋,FALSE,../output/user_images\shoe_20251019_120320.jpg,
20251019_120921,2025/10/19 12:08,sport_shoe,0.497927,運動鞋:0.4979|靴子/皮鞋:0.2158|高跟鞋:0.1406,sport_shoe,運動鞋,TRUE,../output/user_images\shoe_20251019_120805.jpg,
20251019_125454,2025/10/19 12:53,boots,0.336086,靴子/皮鞋:0.3361|運動鞋:0.3292|涼鞋:0.1642,sport_shoe,運動鞋,FALSE,../output/user_images\shoe_20251019_125342.jpg,
20251019_130316,2025/10/19 13:00,high_heels,0.632666,高跟鞋:0.6327|涼鞋:0.2034|靴子/皮鞋:0.1274,sport_shoe,運動鞋,FALSE,../output/user_images\shoe_20251019_130044.jpg,
20251019_131931,2025/10/19 13:19,sport_shoe,0.46068,運動鞋:0.4607|高跟鞋:0.2330|靴子/皮鞋:0.1683,sport_shoe,運動鞋,TRUE,../output/user_images\shoe_20251019_131900.jpg,
20251019_134317,2025/10/19 13:42,boots,0.462621,靴子/皮鞋:0.4626|運動鞋:0.3697|高跟鞋:0.1000,boots,靴子/皮鞋,TRUE,../output/user_images\shoe_20251019_134208.jpg,
20251019_134533,2025/10/19 13:45,sport_shoe,0.617964,運動鞋:0.6180|靴子/皮鞋:0.1601|高跟鞋:0.1412,sport_shoe,運動鞋,TRUE,../output/user_images\shoe_20251019_134508.jpg,
20251019_141857,2025/10/19 14:16,sport_shoe,0.679292,運動鞋:0.6793|高跟鞋:0.1361|涼鞋:0.1175,sandals,涼鞋,FALSE,../output/user_images\shoe_20251019_141601.jpg,
20251019_143259,2025/10/19 14:32,sport_shoe,0.336812,運動鞋:0.3368|高跟鞋:0.3155|靴子/皮鞋:0.2605,sport_shoe,運動鞋,TRUE,../output/user_images\shoe_20251019_143231.jpg,
20251019_143636,2025/10/19 14:35,sport_shoe,0.497298,運動鞋:0.4973|靴子/皮鞋:0.4266|拖鞋:0.0532,sport_shoe,運動鞋,TRUE,../output/user_images\shoe_20251019_143544.jpg,
20251019_144147,2025/10/19 14:40,high_heels,0.468096,高跟鞋:0.4681|運動鞋:0.3161|靴子/皮鞋:0.1304,slippers,拖鞋,FALSE,../output/user_images\shoe_20251019_144058.jpg,
20251019_144425,2025/10/19 14:43,sport_shoe,0.535168,運動鞋:0.5352|靴子/皮鞋:0.2975|高跟鞋:0.1320,sport_shoe,運動鞋,TRUE,../output/user_images\shoe_20251019_144300.jpg,
20251019_145102,2025/10/19 14:49,sport_shoe,0.605901,運動鞋:0.6059|靴子/皮鞋:0.3035|高跟鞋:0.0392,sport_shoe,運動鞋,TRUE,../output/user_images\shoe_20251019_144921.jpg,
20251019_145322,2025/10/19 14:52,sport_shoe,0.676851,運動鞋:0.6769|高跟鞋:0.1262|靴子/皮鞋:0.0919,sandals,涼鞋,FALSE,../output/user_images\shoe_20251019_145244.jpg,
20251019_151634,2025/10/19 15:15,sport_shoe,0.793669,運動鞋:0.7937|高跟鞋:0.1134|涼鞋:0.0614,slippers,拖鞋,FALSE,../output/user_images\shoe_20251019_151510.jpg,
20251019_155425,2025/10/19 15:53,sport_shoe,0.675713,運動鞋:0.6757|靴子/皮鞋:0.2594|高跟鞋:0.0253,sport_shoe,運動鞋,TRUE,../output/user_images\shoe_20251019_155345.jpg,
20251019_160013,2025/10/19 15:59,sport_shoe,0.600492,運動鞋:0.6005|高跟鞋:0.1730|靴子/皮鞋:0.1161,sandals,涼鞋,FALSE,../output/user_images\shoe_20251019_155924.jpg,
20251019_160215,2025/10/19 16:01,sport_shoe,0.797161,運動鞋:0.7972|高跟鞋:0.0957|涼鞋:0.0668,sport_shoe,運動鞋,TRUE,../output/user_images\shoe_20251019_160137.jpg,
20251019_160419,2025/10/19 16:03,sport_shoe,0.660392,運動鞋:0.6604|靴子/皮鞋:0.2298|高跟鞋:0.0518,sport_shoe,運動鞋,TRUE,../output/user_images\shoe_20251019_160332.jpg,
20251019_164020,2025/10/19 16:39,sport_shoe,0.688252,運動鞋:0.6883|靴子/皮鞋:0.1898|高跟鞋:0.0632,sandals,涼鞋,FALSE,../output/user_images\shoe_20251019_163940.jpg,
20251019_164300,2025/10/19 16:41,high_heels,0.480089,高跟鞋:0.4801|運動鞋:0.4111|涼鞋:0.0681,boots,靴子/皮鞋,FALSE,../output/user_images\shoe_20251019_164156.jpg,
20251022_101746,2025/10/22 10:17,boots,0.38177,靴子/皮鞋:0.3818|運動鞋:0.3119|高跟鞋:0.2124,slippers,拖鞋,FALSE,../output/user_images\shoe_20251022_101728.jpg,
20251022_101913,2025/10/22 10:19,sport_shoe,0.358684,運動鞋:0.3587|高跟鞋:0.3097|靴子/皮鞋:0.1539,slippers,拖鞋,FALSE,../output/user_images\shoe_20251022_101903.jpg,
20251022_104204,2025/10/22 10:39,sport_shoe,0.549659,運動鞋:0.5497|涼鞋:0.1667|靴子/皮鞋:0.1428,sport_shoe,運動鞋,TRUE,../output/user_images\shoe_20251022_103949.jpg,
20251022_104531,2025/10/22 10:44,sport_shoe,0.634921,運動鞋:0.6349|靴子/皮鞋:0.2533|涼鞋:0.0425,sport_shoe,運動鞋,TRUE,../output/user_images\shoe_20251022_104421.jpg,
20251022_112455,2025/10/22 11:24,sport_shoe,0.62681,運動鞋:0.6268|高跟鞋:0.1409|涼鞋:0.1320,sport_shoe,運動鞋,TRUE,../output/user_images\shoe_20251022_112422.jpg,
20251022_124658,2025/10/22 12:46,sport_shoe,0.451168,運動鞋:0.4512|靴子/皮鞋:0.3367|高跟鞋:0.1053,slippers,拖鞋,FALSE,../output/user_images\shoe_20251022_124606.jpg,
20251023_140930,2025/10/23 14:08,boots,0.342321,靴子/皮鞋:0.3423|運動鞋:0.3295|高跟鞋:0.1505,boots,靴子/皮鞋,TRUE,../output/user_images\shoe_20251023_140856.jpg,
20251023_145931,2025/10/23 14:58,sport_shoe,0.643884,運動鞋:0.6439|靴子/皮鞋:0.2296|拖鞋:0.0467,sport_shoe,運動鞋,TRUE,../output/user_images\shoe_20251023_145841.jpg,
20251023_150226,2025/10/23 15:02,high_heels,0.397409,高跟鞋:0.3974|運動鞋:0.3057|涼鞋:0.1926,sport_shoe,運動鞋,FALSE,../output/user_images\shoe_20251023_150200.jpg,
20251023_173849,2025/10/23 17:38,sport_shoe,0.578592,運動鞋:0.5786|涼鞋:0.1873|高跟鞋:0.1666,sport_shoe,運動鞋,TRUE,../output/user_images\shoe_20251023_173834.jpg,
20251024_102609,2025/10/24 10:25,sport_shoe,0.58439,運動鞋:0.5844|高跟鞋:0.2531|靴子/皮鞋:0.0689,sport_shoe,運動鞋,TRUE,../output/user_images\shoe_20251024_102547.jpg,
20251024_162604,2025/10/24 16:25,sport_shoe,0.516324,運動鞋:0.5163|涼鞋:0.1975|高跟鞋:0.1895,sport_shoe,運動鞋,TRUE,../output/user_images\shoe_20251024_162539.jpg,
20251025_091756,2025/10/25 9:17,sport_shoe,0.593683,運動鞋:0.5937|靴子/皮鞋:0.1917|涼鞋:0.1045,boots,靴子/皮鞋,FALSE,../output/user_images\shoe_20251025_091731.jpg,
20251025_093309,2025/10/25 9:32,boots,0.457402,靴子/皮鞋:0.4574|運動鞋:0.4248|涼鞋:0.0530,sport_shoe,運動鞋,FALSE,../output/user_images\shoe_20251025_093211.jpg,
20251025_094859,2025/10/25 9:47,sport_shoe,0.510612,運動鞋:0.5106|高跟鞋:0.3609|涼鞋:0.1088,sport_shoe,運動鞋,TRUE,../output/user_images\shoe_20251025_094717.jpg,
20251025_102117,2025/10/25 10:20,sport_shoe,0.652324,運動鞋:0.6523|靴子/皮鞋:0.1399|涼鞋:0.1262,boots,靴子/皮鞋,FALSE,../output/user_images\shoe_20251025_102031.jpg,
20251025_104511,2025/10/25 10:44,sport_shoe,0.447536,運動鞋:0.4475|高跟鞋:0.2458|靴子/皮鞋:0.1506,sport_shoe,運動鞋,TRUE,../output/user_images\shoe_20251025_104445.jpg,
20251025_111610,2025/10/25 11:14,sport_shoe,0.666107,運動鞋:0.6661|涼鞋:0.1578|高跟鞋:0.1489,sandals,涼鞋,FALSE,../output/user_images\shoe_20251025_111441.jpg,
20251025_111926,2025/10/25 11:18,sport_shoe,0.476195,運動鞋:0.4762|高跟鞋:0.2254|涼鞋:0.2177,sandals,涼鞋,FALSE,../output/user_images\shoe_20251025_111810.jpg,
20251025_121610,2025/10/25 12:15,sport_shoe,0.431795,運動鞋:0.4318|靴子/皮鞋:0.2137|高跟鞋:0.1897,sport_shoe,運動鞋,TRUE,../output/user_images\shoe_20251025_121532.jpg,
20251025_134026,2025/10/25 13:38,boots,0.460423,靴子/皮鞋:0.4604|運動鞋:0.4194|涼鞋:0.0590,sport_shoe,運動鞋,FALSE,../output/user_images\shoe_20251025_133810.jpg,
20251025_141353,2025/10/25 14:13,boots,0.570284,靴子/皮鞋:0.5703|運動鞋:0.3632|高跟鞋:0.0306,boots,靴子/皮鞋,TRUE,../output/user_images\shoe_20251025_141339.jpg,
20251025_141529,2025/10/25 14:15,sport_shoe,0.472565,運動鞋:0.4726|高跟鞋:0.2587|涼鞋:0.1587,sport_shoe,運動鞋,TRUE,../output/user_images\shoe_20251025_141517.jpg,
20251025_141621,2025/10/25 14:16,sport_shoe,0.539927,運動鞋:0.5399|靴子/皮鞋:0.2379|涼鞋:0.1074,sport_shoe,運動鞋,TRUE,../output/user_images\shoe_20251025_141607.jpg,
20251025_144038,2025/10/25 14:39,high_heels,0.471122,高跟鞋:0.4711|涼鞋:0.2873|運動鞋:0.1802,sandals,涼鞋,FALSE,../output/user_images\shoe_20251025_143947.jpg,
20251025_144310,2025/10/25 14:42,sport_shoe,0.440587,運動鞋:0.4406|涼鞋:0.2505|高跟鞋:0.2194,sandals,涼鞋,FALSE,../output/user_images\shoe_20251025_144223.jpg,
20251025_145425,2025/10/25 14:53,sport_shoe,0.457635,運動鞋:0.4576|高跟鞋:0.2945|涼鞋:0.2370,sandals,涼鞋,FALSE,../output/user_images\shoe_20251025_145326.jpg,
20251025_162536,2025/10/25 16:25,high_heels,0.419383,高跟鞋:0.4194|涼鞋:0.3628|運動鞋:0.1674,sport_shoe,運動鞋,FALSE,../output/user_images\shoe_20251025_162502.jpg,
20251101_092527,2025/11/1 9:25,sport_shoe,0.387859,運動鞋:0.3879|高跟鞋:0.2146|靴子/皮鞋:0.1760,sport_shoe,運動鞋,TRUE,../output/user_images\shoe_20251101_092503.jpg,
20251101_100842,2025/11/1 10:08,boots,0.241423,靴子/皮鞋:0.2414|運動鞋:0.2310|高跟鞋:0.2178,sport_shoe,運動鞋,FALSE,../output/user_images\shoe_20251101_100800.jpg,
20251101_101335,2025/11/1 10:12,boots,0.365699,靴子/皮鞋:0.3657|運動鞋:0.2676|拖鞋:0.1553,sport_shoe,運動鞋,FALSE,../output/user_images\shoe_20251101_101239.jpg,
20251101_101823,2025/11/1 10:17,high_heels,0.518585,高跟鞋:0.5186|涼鞋:0.1692|運動鞋:0.1465,sport_shoe,運動鞋,FALSE,../output/user_images\shoe_20251101_101736.jpg,
20251101_102149,2025/11/1 10:20,high_heels,0.402033,高跟鞋:0.4020|涼鞋:0.2619|運動鞋:0.1585,sport_shoe,運動鞋,FALSE,../output/user_images\shoe_20251101_102052.jpg,
20251101_103434,2025/11/1 10:33,boots,0.268531,靴子/皮鞋:0.2685|運動鞋:0.2581|涼鞋:0.2153,boots,靴子/皮鞋,TRUE,../output/user_images\shoe_20251101_103347.jpg,
20251101_103638,2025/11/1 10:36,sport_shoe,0.377034,運動鞋:0.3770|涼鞋:0.2271|高跟鞋:0.2000,sport_shoe,運動鞋,TRUE,../output/user_images\shoe_20251101_103621.jpg,
20251101_104355,2025/11/1 10:43,sport_shoe,0.489715,運動鞋:0.4897|靴子/皮鞋:0.2848|涼鞋:0.1055,sport_shoe,運動鞋,TRUE,../output/user_images\shoe_20251101_104355.jpg,
20251101_104626,2025/11/1 10:47,boots,0.318723,靴子/皮鞋:0.3187|高跟鞋:0.2379|運動鞋:0.2082,boots,靴子/皮鞋,TRUE,../output/user_images\shoe_20251101_104756.jpg,
20251101_104930,2025/11/1 10:49,boots,0.307364,靴子/皮鞋:0.3074|高跟鞋:0.2382|運動鞋:0.2279,boots,靴子/皮鞋,TRUE,../output/user_images\shoe_20251101_104902.jpg,
20251101_105502,2025/11/1 10:53,boots,0.504697,靴子/皮鞋:0.5047|拖鞋:0.1918|運動鞋:0.1911,sport_shoe,運動鞋,FALSE,../output/user_images\shoe_20251101_105347.jpg,
20251101_105704,2025/11/1 10:56,boots,0.461838,靴子/皮鞋:0.4618|高跟鞋:0.1816|運動鞋:0.1676,sport_shoe,運動鞋,FALSE,../output/user_images\shoe_20251101_105608.jpg,
20251101_124313,2025/11/1 12:42,sport_shoe,0.456112,運動鞋:0.4561|靴子/皮鞋:0.2966|高跟鞋:0.1363,sport_shoe,運動鞋,TRUE,../output/user_images\shoe_20251101_124232.jpg,
20251101_124401,2025/11/1 12:43,high_heels,0.374303,高跟鞋:0.3743|運動鞋:0.3162|涼鞋:0.2384,sport_shoe,運動鞋,FALSE,../output/user_images\shoe_20251101_124343.jpg,
20251101_130428,2025/11/1 13:03,boots,0.749269,靴子/皮鞋:0.7493|運動鞋:0.1331|拖鞋:0.0544,boots,靴子/皮鞋,TRUE,../output/user_images\shoe_20251101_130342.jpg,
20251101_131754,2025/11/1 13:16,sport_shoe,0.397481,運動鞋:0.3975|靴子/皮鞋:0.3435|涼鞋:0.1035,sport_shoe,運動鞋,TRUE,../output/user_images\shoe_20251101_131659.jpg,
20251101_132045,2025/11/1 13:20,boots,0.383645,靴子/皮鞋:0.3836|運動鞋:0.2542|高跟鞋:0.1602,sport_shoe,運動鞋,FALSE,../output/user_images\shoe_20251101_132011.jpg,
20251101_140301,2025/11/1 14:02,boots,0.633403,靴子/皮鞋:0.6334|運動鞋:0.1409|拖鞋:0.0853,boots,靴子/皮鞋,TRUE,../output/user_images\shoe_20251101_140251.jpg,
20251101_141822,2025/11/1 14:17,boots,0.538788,靴子/皮鞋:0.5388|運動鞋:0.3442|高跟鞋:0.0453,boots,靴子/皮鞋,TRUE,../output/user_images\shoe_20251101_141724.jpg,
20251101_152925,2025/11/1 15:28,sport_shoe,0.469025,運動鞋:0.4690|高跟鞋:0.2301|靴子/皮鞋:0.1390,boots,靴子/皮鞋,FALSE,../output/user_images\shoe_20251101_152825.jpg,
20251101_160339,2025/11/1 16:03,sport_shoe,0.504174,運動鞋:0.5042|靴子/皮鞋:0.3075|涼鞋:0.1050,boots,靴子/皮鞋,FALSE,../output/user_images\shoe_20251101_160301.jpg,
20251105_152742,2025/11/5 15:27,sport_shoe,0.506551,運動鞋:0.5066|涼鞋:0.2317|高跟鞋:0.1502,sport_shoe,運動鞋,TRUE,../output/user_images\shoe_20251105_152706.jpg,
20251107_150057,2025/11/7 15:00,sport_shoe,0.468491,運動鞋:0.4685|涼鞋:0.2563|高跟鞋:0.2132,sport_shoe,運動鞋,TRUE,../output/user_images\shoe_20251107_150038.jpg,
20251107_150553,2025/11/7 15:05,sandals,0.375381,涼鞋:0.3754|運動鞋:0.2745|高跟鞋:0.1802,sport_shoe,運動鞋,FALSE,../output/user_images\shoe_20251107_150527.jpg,
20251108_163326,2025/11/8 16:32,sport_shoe,0.656614,運動鞋:0.6566|涼鞋:0.1907|高跟鞋:0.1074,sport_shoe,運動鞋,TRUE,../output/user_images\shoe_20251108_163210.jpg,
20251108_164327,2025/11/8 16:43,sport_shoe,0.607313,運動鞋:0.6073|靴子/皮鞋:0.1737|涼鞋:0.1335,sport_shoe,運動鞋,TRUE,../output/user_images\shoe_20251108_164327.jpg,
20251120_185940,2025/11/20 18:59,sport_shoe,0.526145,運動鞋:0.5261|靴子/皮鞋:0.2209|高跟鞋:0.1344,sport_shoe,運動鞋,TRUE,../output/user_images\shoe_20251120_185911.jpg,
20251120_193937,2025/11/20 19:38,sport_shoe,0.367275,運動鞋:0.3673|涼鞋:0.2583|靴子/皮鞋:0.1715,sport_shoe,運動鞋,TRUE,../output/user_images\shoe_20251120_193847.jpg,
20251120_194305,2025/11/20 19:42,sport_shoe,0.40866,運動鞋:0.4087|涼鞋:0.2672|高跟鞋:0.1632,sport_shoe,運動鞋,TRUE,../output/user_images\shoe_20251120_194202.jpg,
20251120_194807,2025/11/20 19:47,sport_shoe,0.571287,運動鞋:0.5713|涼鞋:0.1480|高跟鞋:0.1447,boots,靴子/皮鞋,FALSE,../output/user_images\shoe_20251120_194714.jpg,
20251120_195014,2025/11/20 19:49,sport_shoe,0.593407,運動鞋:0.5934|涼鞋:0.1507|高跟鞋:0.1480,slippers,拖鞋,FALSE,../output/user_images\shoe_20251120_194932.jpg,
20251120_195200,2025/11/20 19:51,high_heels,0.328651,高跟鞋:0.3287|涼鞋:0.2932|運動鞋:0.2482,sport_shoe,運動鞋,FALSE,../output/user_images\shoe_20251120_195138.jpg,
20251121_192144,2025/11/21 19:21,boots,0.342253,靴子/皮鞋:0.3423|運動鞋:0.2914|高跟鞋:0.1545,boots,靴子/皮鞋,TRUE,../output/user_images\shoe_20251121_192119.jpg,
20251121_193557,2025/11/21 19:34,boots,0.615336,靴子/皮鞋:0.6153|拖鞋:0.1574|運動鞋:0.1480,boots,靴子/皮鞋,TRUE,../output/user_images\shoe_20251121_193448.jpg,
20251121_201217,2025/11/21 20:11,boots,0.641966,靴子/皮鞋:0.6420|運動鞋:0.2559|拖鞋:0.0513,boots,靴子/皮鞋,TRUE,../output/user_images\shoe_20251121_201129.jpg,
20251121_201436,2025/11/21 20:13,boots,0.59072,靴子/皮鞋:0.5907|運動鞋:0.1295|高跟鞋:0.1063,sport_shoe,運動鞋,FALSE,../output/user_images\shoe_20251121_201358.jpg,
20251121_201920,2025/11/21 20:18,boots,0.450312,靴子/皮鞋:0.4503|運動鞋:0.3710|拖鞋:0.0730,sport_shoe,運動鞋,FALSE,../output/user_images\shoe_20251121_201819.jpg,
20251121_211323,2025/11/21 21:13,sport_shoe,0.621334,運動鞋:0.6213|高跟鞋:0.1401|靴子/皮鞋:0.1137,sport_shoe,運動鞋,TRUE,../output/user_images\shoe_20251121_211323.jpg,
20251121_211435,2025/11/21 21:13,boots,0.491946,靴子/皮鞋:0.4919|運動鞋:0.2779|拖鞋:0.1415,sport_shoe,運動鞋,FALSE,../output/user_images\shoe_20251121_211356.jpg,
20251121_220533,2025/11/21 22:04,boots,0.556732,靴子/皮鞋:0.5567|運動鞋:0.2105|高跟鞋:0.1344,boots,靴子/皮鞋,TRUE,../output/user_images\shoe_20251121_220454.jpg,